updated_at,course,student_id,student_name,standard_id,opportunity_id,opportunity_label,source,kind,status
2026-09-14T12:30:00Z,ORIE 4580,ehf38,Eli Furgeson — FAKE DATA,S1,lab_demo_p1,Demo lab checkoff,lab,green,complete
2026-09-14T12:30:00Z,ORIE 4580,ehf38,Eli Furgeson — FAKE DATA,S1,exam_demo_p1,Demo exam problem,exam,purple,complete
2026-09-14T12:30:00Z,ORIE 4580,ehf38,Eli Furgeson — FAKE DATA,S1,exam_shiny_demo_a_p1,Demo challenging exam problem A,exam,shiny_purple,complete
2026-09-14T12:30:00Z,ORIE 4580,ehf38,Eli Furgeson — FAKE DATA,S1,exam_shiny_demo_b_p1,Demo challenging exam problem B,exam,shiny_purple,complete
2026-09-14T12:30:00Z,ORIE 4580,ehf38,Eli Furgeson — FAKE DATA,S2,lab_demo_p4,Demo lab checkoff,lab,green,complete
2026-09-14T12:30:00Z,ORIE 4580,ehf38,Eli Furgeson — FAKE DATA,S2,exam_demo_p4,Demo exam problem,exam,purple,complete
2026-09-14T12:30:00Z,ORIE 4580,ehf38,Eli Furgeson — FAKE DATA,S3,,,,,
2026-09-14T12:30:00Z,ORIE 4580,ehf38,Eli Furgeson — FAKE DATA,S4,lab_demo_s2,Demo lab checkoff,lab,green,complete
2026-09-14T12:30:00Z,ORIE 4580,ehf38,Eli Furgeson — FAKE DATA,S4,exam_demo_s2,Demo exam problem,exam,purple,complete
2026-09-14T12:30:00Z,ORIE 4580,ehf38,Eli Furgeson — FAKE DATA,S5,lab_demo_s3,Demo lab checkoff,lab,green,complete
2026-09-14T12:30:00Z,ORIE 4580,ehf38,Eli Furgeson — FAKE DATA,S5,exam_demo_s3,Demo exam problem,exam,purple,complete
